SAROAD,Species,SAROAD
11102,Organic Compound,11102
11103,Noncarbon Organic Matter,11103
11105,PM - Noncondensable,11105
12000,Unknown,12000
12101,Aluminum,12101
12102,Antimony,12102
12103,Arsenic,12103
12104,Scandium,12104
12105,Beryllium,12105
12106,Bismuth,12106
12107,Barium,12107
12108,Boron,12108
12109,Bromine,12109
12110,Cadmium,12110
12111,Calcium,12111
12112,Chromium,12112
12113,Cobalt,12113
12114,Copper,12114
12115,Chlorine,12115
12116,Elemental Carbon,12116
12117,Tellurium,12117
12118,Cesium,12118
12119,Tungsten,12119
12120,Erbium,12120
12121,Dysprosium,12121
12122,Ytterbium,12122
12123,Gadolinium,12123
12124,Gallium,12124
12125,Germanium,12125
12126,Iron,12126
12127,Hafnium,12127
12128,Lead,12128
12131,Indium,12131
12132,Manganese,12132
12134,Molybdenum,12134
12136,Nickel,12136
12138,Lithium,12138
12140,Magnesium,12140
12141,Iodine,12141
12142,Mercury,12142
12143,Gold,12143
12144,Neodymium,12144
12146,Lanthanum,12146
12147,Niobium,12147
12151,Palladium,12151
12152,Phosphorus,12152
12153,Phosphate,12153
12154,Selenium,12154
12155,Praseodymium,12155
12156,Non-phosphate Phosphorous,12156
12160,Tin,12160
12161,Titanium,12161
12164,Vanadium (Fume Or Dust),12164
12165,Silicon,12165
12166,Silver,12166
12167,Zinc,12167
12168,Strontium,12168
12169,Sulfur,12169
12173,Thallium,12173
12174,Thorium,12174
12176,Rubidium,12176
12177,Rhodium,12177
12178,Platinum,12178
12179,Uranium,12179
12180,Potassium,12180
12181,Sodium Ion,12181
12182,Insol Potassium,12182
12183,Yttrium,12183
12184,Sodium,12184
12185,Zirconium,12185
12186,Sodium Insoluable,12186
12190,Samarium,12190
12192,Europium,12192
12193,Tebium,12193
12202,Insol Chlorine,12202
12203,Chloride Ion,12203
12301,Ammonium,12301
12305,Nitrite,12305
12306,Nitrates,12306
12402,Sulfuric Acid,12402
12403,Sulfates,12403
12404,Non-sulfate Sulfur,12404
12501,Carbonate Ion,12501
12801,Asbestos,12801
12999,Other,12999
16113,Reactive Organic Gas,16113
32112,Chromium+3,32112
42102,Carbon Dioxide,42102
42222,Fluorine,42222
42604,Ammonia,42604
43104,Volatile Organic Compounds,43104
43105,Isomers Of Hexane,43105
43106,Isomers Of Heptane,43106
43107,Isomers Of Octane,43107
43108,Isomers Of Nonane,43108
43109,Isomers Of Decane,43109
43110,Isomers Of Undecane,43110
43111,Isomers Of Dodecane,43111
43112,Isomers Of Tridecane,43112
43113,Isomers Of Tetradecane,43113
43114,Isomers Of Pentadecane,43114
43115,C7 Cycloparaffins,43115
43116,C8 Cycloparaffins,43116
43117,C9 Cycloparaffins,43117
43119,C18-Alkane,43119
43120,Isomers Of Butene,43120
43121,Isomers Of Pentene,43121
43122,Isomers Of Pentane,43122
43123,Monoterpenes,43123
43124,C16-Alkane,43124
43125,C10-Olefins,43125
43126,C14-Alkane,43126
43127,C15-Alkane,43127
43128,Cineole ,43128
43131,C3?C4 Alcohol Isomers,43131
43132,Methallyl Alcohol ,43132
43133,3-Methyl-1-Butanol,43133
43134,2-Octanone,43134
43135,Allyl Formate,43135
43136,Ethyl Propionate,43136
43137,Ethyl Isobutyrate,43137
43138,Ethyl Butyrate,43138
43139,Propyl Propionate,43139
43140,Propyl Butyrate,43140
43142,Methyl Hexanoate,43142
43143,C5 Olefins,43143
43145,C5 Paraffin/Olefin,43145
43146,C11 Internal Alkenes,43146
43147,C12 Internal Alkenes,43147
43148,Bicyclononane,43148
43149,Octyne,43149
43150,Ethyl Hexanoate,43150
43151,Isomers Of Decyne,43151
43152,Isomers Of Undecyne,43152
43154,Hexyl Acetate,43154
43155,Propyl Hexanoate,43155
43156,Methyl Benzoate,43156
43157,Ethyl Benzoate,43157
43158,Isopropyl Ether,43158
43159,"2,4-Dimethyl-1,3-Dioxane ",43159
43160,"2,2,3-Trimethylbutane",43160
43161,2-N-Butyl Furan,43161
43162,2-Pentyl Furan,43162
43164,"1,4-Dimethyl-2-Ethylcyclohexane",43164
43165,"1-Ethyl-2,3-Dimethylcyclohexane",43165
43166,"4,4-Dimethyl-1-Pentene",43166
43167,4-Ethyloctane,43167
43169,4-Methylcyclopentene,43169
43170,"Cis,Trans-1,3,5-Trimethylcyclohexane",43170
43171,"Cis-1,3-Diethylcyclohexane",43171
43172,"Cis-1,3-Pentadiene",43172
43173,"Cis-1,4-Diethylcyclohexane",43173
43175,Cis-1-Methyl-3-Propylcyclohexane,43175
43176,Cis-1-Methyl-4-Propylcyclohexane,43176
43177,Cis-4-Octene,43177
43178,Isopropylcyclopentane,43178
43179,Sec-Butylcyclopentane,43179
43180,"Trans-1,2,3-Trimethylcyclohexane",43180
43181,"Trans-1,2-Diethylcyclohexane",43181
43182,Trans-1-Ethyl-2-Methylcyclopentane,43182
43183,Trans-1-Methyl-2-Propylcyclopentane,43183
43184,Trans-1-Methyl-3-Propylcyclohexane,43184
43186,Trans-1-Methyl-4-Ter-Butylcyclohexane,43186
43187,Tricyclodecane,43187
43188,"1,4-Dimethyl-1-Cyclohexene",43188
43189,1-Methyl-4-(1-Methylpropyl)Benzene,43189
43190,"2,3-Dimethyl-1-Hexene",43190
43191,"2-Undecene, (E)-",43191
43192,3-Ethyl-3-Hexene,43192
43193,3-Ethyl-3-Methylheptane,43193
43194,Tert-Pentylbenzene,43194
43195,"Trans-1,3-Diethylcyclopentane",43195
43197,Trans-4-Nonene,43197
43201,Methane,43201
43202,Ethane,43202
43203,Ethylene,43203
43204,Propane,43204
43205,Propylene,43205
43206,Acetylene,43206
43207,Cyclopropane,43207
43208,"1,2-Propadiene",43208
43209,1-Propyne,43209
43211,3-Methyl-1-Pentene,43211
43212,N-Butane,43212
43213,1-Butene,43213
43214,Isobutane,43214
43215,Isobutylene,43215
43216,Trans-2-Butene,43216
43217,Cis-2-Butene,43217
43218,"1,3-Butadiene",43218
43220,N-Pentane,43220
43221,"1,2-Butadiene {Methylallene}",43221
43222,"1,3-Butadiyne",43222
43223,3-Methyl-1-Butene,43223
43224,1-Pentene,43224
43225,2-Methyl-1-Butene,43225
43226,Trans-2-Pentene,43226
43227,Cis-2-Pentene,43227
43228,2-Methyl-2-Butene,43228
43229,2-Methylpentane,43229
43230,3-Methylpentane,43230
43231,Hexane,43231
43232,N-Heptane,43232
43233,N-Octane,43233
43234,"2,3-Dimethyl-1-Butene",43234
43235,N-Nonane,43235
43238,N-Decane,43238
43241,N-Undecane,43241
43242,Cyclopentane,43242
43243,"Isoprene, Except From Vegetative Emission Sources",43243
43245,1-Hexene,43245
43246,2-Hexenes,43246
43248,Cyclohexane,43248
43250,Trans-4-Octene,43250
43252,"2,2,5-Triethylheptane",43252
43255,N-Dodecane,43255
43258,N-Tridecane,43258
43259,N-Tetradecane,43259
43260,N-Pentadecane,43260
43261,Methylcyclohexane,43261
43262,Methylcyclopentane,43262
43263,Trans-2-Octene,43263
43264,Cyclohexanone,43264
43265,1-Octene,43265
43266,Cis-2-Octene,43266
43267,1-Nonene,43267
43268,1-Decene,43268
43269,1-Undecene,43269
43270,3-Methyl-Trans-2-Pentene,43270
43271,"2,4-Dimethylpentane",43271
43272,3-Methylcyclopentene,43272
43273,Cyclohexene,43273
43274,"2,3-Dimethylpentane",43274
43275,2-Methylhexane,43275
43276,"2,2,4-Trimethylpentane",43276
43277,"2,4-Dimethylhexane",43277
43278,"2,5-Dimethylhexane",43278
43279,"2,3,4-Trimethylpentane",43279
43280,"2,3,3-Trimethylpentane",43280
43281,Hexadecane,43281
43282,Heptadecane,43282
43283,Octadecane,43283
43284,Nonadecane,43284
43285,Eicosane,43285
43286,Heneicosane,43286
43287,Docosane,43287
43288,Ethylcyclohexane,43288
43289,C6 Olefins,43289
43290,C8 Alkenes,43290
43291,"2,2-Dimethylbutane",43291
43292,Cyclopentene,43292
43293,4-Methyl-Trans-2-Pentene,43293
43294,C7 External Olefins,43294
43295,3-Methylhexane,43295
43296,"2,2,3-Trimethylpentane",43296
43297,4-Methylheptane,43297
43298,3-Methylheptane,43298
43300,3-Ethylpentane,43300
43301,Methanol,43301
43302,Ethyl Alcohol,43302
43303,N-Propyl Alcohol,43303
43304,Isopropyl Alcohol,43304
43305,N-Butyl Alcohol,43305
43306,Isobutyl Alcohol,43306
43309,Tert-Butyl Alcohol,43309
43310,Ethylene Glycol Monomethyl Ether,43310
43311,Ethylene Glycol Monoethyl Ether,43311
43312,"Trans-1,2-Cis-4-Trimethylcyclopentane",43312
43314,Sec-Butyl Alcohol,43314
43315,Tetrahydrophthalic Anhydride,43315
43316,"N,N-Dimethylbenzylamine",43316
43317,Eugenol ,43317
43318,Isopropyl-2-Cyanoacrylate,43318
43320,Diacetone Alcohol,43320
43321,5-Methyl-3-Heptyne,43321
43322,4-Ethyl-3-Heptene,43322
43324,1-Ethylcyclopentene,43324
43325,2-Methylbutanal,43325
43326,Cyclopentanone,43326
43327,2-Methylfuran,43327
43328,3-Methylfuran,43328
43329,2-Ethylfuran,43329
43330,"2,5-Dimethylfuran",43330
43331,2-Vinylfuran,43331
43332,Hydrogen Cyanide,43332
43336,Octanol,43336
43351,Ethyl Ether,43351
43365,Propylene Glycol Monomethyl Ether,43365
43366,Dipropylene Glycol Monomethyl Ether,43366
43367,Glycol Ethers (And Their Acetates),43367
43368,Glycols,43368
43369,Propylene Glycol,43369
43370,Ethylene Glycol,43370
43371,"Hexylene Glycol {2-Methyl-2,4-Pentanediol}",43371
43372,Polyethylene Glycol 200,43372
43373,Diethylene Glycol,43373
43374,Dipropylene Glycol,43374
43376,Triethylene Glycol,43376
43378,Methyl Tert-Butyl Ether,43378
43379,2-Methyl-3-Buten-2-Ol (MBO),43379
43380,Glycerol,43380
43381,"1-Ethyl-2,4,5-Trimethylbenzene",43381
43382,"1,2,3,4-Tetrahydro-2-Methylnaphthalene",43382
43383,5-Undencene,43383
43384,"2,3-Dimethyl-1-Pentene",43384
43385,"5-Ethyl-1,2,3,4-Tetrahydronaphthalene",43385
43390,Tetrahydrofuran,43390
43391,2-Butyltetrahydrofuran,43391
43395,Cycloheptanone,43395
43397,Trimethylcyclohexanol,43397
43400,"1,2,4-Trimethylcyclopentene",43400
43403,Formic Acid,43403
43404,Acetic Acid,43404
43405,Glycolic Acid  {Hydroxyacetic Acid},43405
43406,Methylacetic Acid (Propionic),43406
43407,Acrylic Acid,43407
43408,5-Butyldihydro-2(3h)-Furanone,43408
43409,5-Pentyldihydro-2(3h)-Furanone,43409
43410,5-Propyldihydro-2(3h)-Furanone,43410
43411,5-Ethyldihydro-2(3h)-Furanone,43411
43412,5-Hexyldihydro-2(3h)-Furanone,43412
43413,2-Nonanone,43413
43415,2-Decanone,43415
43416,2-Undecanone,43416
43417,2-Tridecanone,43417
43418,2-Tetradecanone,43418
43419,2-Pentadecanone,43419
43420,2-Heptadecanone,43420
43421,2-Decenal,43421
43422,2-Undecenal,43422
43423,Tetradecanal,43423
43424,Pentadecanal,43424
43426,Hexadecanal,43426
43427,Heptadecanal,43427
43428,N-Tricosane,43428
43429,N-Tetracosane,43429
43430,N-Pentacosane,43430
43431,Propylene Glycol Monomethyl Ether Acetate,43431
43432,Methyl Acetate,43432
43433,Ethyl Acetate,43433
43434,Propyl Acetate,43434
43435,N-Butyl Acetate,43435
43436,Isoamyl Acetate,43436
43438,Ethyl Acrylate,43438
43439,Stearic Acid-TMS,43439
43440,Pentadecanoic Acid-TMS,43440
43441,Heptanoic Acid,43441
43444,Isopropyl Acetate,43444
43445,Methyl Amyl Acetate,43445
43446,Isobutyl Acetate,43446
43450,Dimethyl Formamide,43450
43451,Isobutyl Isobutyrate,43451
43452,Ethylene Glycol Monoethyl Ether Acetate,43452
43502,Formaldehyde,43502
43503,Acetaldehyde,43503
43504,Propionaldehyde,43504
43505,Acrolein,43505
43506,2-Methyl-2-Propenal,43506
43510,Butyraldehyde,43510
43511,C3 Aldehyde,43511
43512,C5 Aldehyde,43512
43513,C8 Aldehyde,43513
43514,Glutaraldehyde,43514
43551,[D] Acetone [Deleted/Obsolete Emittent Id],43551
43552,Methyl Ethyl Ketone {2-Butanone},43552
43559,Methyl N-Butyl Ketone,43559
43560,Methyl Isobutyl Ketone {Hexone},43560
43561,Methyl Amyl Ketone,43561
43565,Dimethylcyclobutanone,43565
43566,Trimethylcyclopentanone,43566
43567,Tetramethylpentanone,43567
43601,Ethylene Oxide,43601
43602,Propylene Oxide,43602
43702,Acetonitrile,43702
43704,Acrylonitrile,43704
43721,Ethylamine,43721
43723,Ethanolamine,43723
43724,Diethanolamine,43724
43725,Triethanolamine,43725
43738,Dimethylamine,43738
43740,Trimethyl Amine,43740
43801,Methyl Chloride {Chloromethane},43801
43802,Methylene Chloride {Dichloromethane},43802
43803,Chloroform,43803
43804,Carbon Tetrachloride,43804
43805,Methylene Bromide,43805
43807,Carbon Tetrabromide,43807
43811,Trichlorofluoromethane {Freon 11},43811
43812,Ethyl Chloride {Chloroethane},43812
43813,"1,1-Dichloroethane",43813
43814,"Methyl Chloroform {1,1,1-Trichloroethane}",43814
43815,Ethylene Dichloride {EDC},43815
43817,Perchloroethylene {Tetrachloroethene},43817
43819,Methyl Bromide {Bromomethane},43819
43820,"1,1,2-Trichloroethane",43820
43821,"Chlorinated Fluorocarbon {Cfc-113} {1,1,2-Trichloro-1,2,2-Trifluoroethane}",43821
43822,Trimethylfluorosilane,43822
43823,Dichlorodifluoromethane {Freon 12},43823
43824,Trichloroethylene,43824
43825,Chlorodifluoromethane {Freon 22},43825
43826,Chlorotrifluoromethane {F-13},43826
43827,Chloropentafluoroethane {F115},43827
43828,"1,2-Dichloro-1,1,2,2-Tetrafluoroethane {CFC-114}",43828
43828,"1,2-Dichloro-1,1,2,2-Tetrafluoroethane {CFC-114}",43828
43829,Difluorotetrachloroethane  {F-112},43829
43830,Fluorocarbons (Chlorinated),43830
43844,Trifluoromethane {Freon 23},43844
43850,Phosgene,43850
43860,Vinyl Chloride,43860
43861,Dibasic Ester,43861
43862,Tangerine Oil,43862
43863,Styrallyl Acetate,43863
43864,Soy Dimethyl Ethyl Ammonium Ethosulfate,43864
43865,Sodium Mercaptobenzothiazole,43865
43866,P-Toluenesulfonyl Chloride,43866
43868,Pentyl Propanoate,43868
43869,6-Undecanone,43869
43870,Polytetrafluoroethylene,43870
43871,3-(4-Methoxyphenyl)-2-Methylpropanal ,43871
43872,"4-Chloro-3,5-Dimethylphenol",43872
43873,Oil Of Lemon Eucalyptus,43873
43874,N-Propoxypropanol,43874
43875,N-Octyl Acetate,43875
43876,Pyridine-3-Carboxamide,43876
43877,Neodecanoic Acid,43877
43879,N-Butyl Glycidyl Ether,43879
43880,"N,N-Dimethyl-P-Toluidine",43880
43881,Tripropylene Glycol N-Butyl Ether,43881
43882,"N,N-Dimethyl-O-Toluidine",43882
43883,"N,N-Diethyl-P-Toluidine",43883
43884,"N,N-Diethyl-M-Toluamide",43884
43887,Methyl Cyanoacrylate,43887
43888,Mentha Piperita ,43888
43891,"3,7-Dimethylocta-1,6-Dien-3-Ol",43891
43892,1-Dodecanol,43892
43894,Tripropylene Glycol,43894
43895,Ethylene Glycol Monohexyl Ether,43895
43896,Grapefruit Oil,43896
43897,Isobutyltrimethoxysilane,43897
43898,Isoamyl N-Butyrate,43898
43899,Hydroxyethyl Methacrylate,43899
43900,Hydroxypropyl Methacrylate,43900
43901,Homosalate,43901
43902,Gluconic Acid,43902
43904,G-Glycidoxypropyltrimethoxysilane,43904
43905,Formamide,43905
43906,Triethylene Glycol Monomethyl Ether ,43906
43907,Ethyltriacetoxysilane,43907
43908,Ethylenediamine,43908
43909,Ethylene Glycol Ester,43909
43910,1-Ethyl-2-Hydroxybenzene,43910
43911,Ethyl Methacrylate,43911
43912,Ethyl Isovalerate,43912
43913,"Ethoxylated Propoxylated Alcohols, C8-10",43913
43915,Ethoxyethyl Cyanoacrylate,43915
43916,Erythrulose,43916
43917,Di-T-Butyl Sulfide,43917
43918,Triethylene Glycol Monoethyl Ether ,43918
43919,Dipropylene Glycol Phenyl Ether,43919
43920,Dipropylene Glycol Ethyl Ether,43920
43921,Dioctyl Ether,43921
43922,Dihydroxyacetone,43922
43923,Dihydromyrcenol,43923
43924,Dihydroabietyl Alcohol,43924
43926,Diethylenediamine,43926
43927,Diethylene Glycol Propyl Ether,43927
43928,Diethylene Glycol Monomethacrylate,43928
43929,Diethylene Glycol 2-Ethylhexyl Ether,43929
43930,Triethylene Glycol Mono-2-Ethylhexyl Ether,43930
43931,Diethylene Glycol Ethyl Ether Acetate,43931
43932,Diethylene Glycol Diethyl Ether,43932
43933,Cyclohexyl Methacrylate,43933
43934,Citronellal,43934
43935,N-Hexanoic Acid,43935
43937,C10-16 Alkenes,43937
43938,C10-13 Isoalkanes,43938
43939,Butylethanolamine,43939
43940,Bis(Isopropyl)Amine,43940
43941,Benzyl Acetate,43941
43942,Triethylene Diamine,43942
43943,"Benzenesulfonic Acid,Mono-C9-17-Branch Alkyl Derivs,Isopropylamine Salts",43943
43945,"Amino, Tris(Methylene Phosphonic Acid)",43945
43946,Amino Methyl Propanediol,43946
43948,Alkyl (C16-C18) Methyl Esters,43948
43949,Alcohols C14-C18,43949
43950,Acrylates/Octylacrylamide Copolymer,43950
43951,Acetic Acid Ester W/C7 Rich Oxo Alcohol,43951
43952,"Acetic Acid, Alkyl (C9 To C11) Esters Mixture",43952
43953,N-(2-Hydroxyethyl)Acetamide,43953
43954,Toximul 3406F,43954
43955,3-Methoxy-1-Butanol,43955
43956,3-Aminopropyltrimethoxysilane,43956
43957,3-Aminopropyl-Triethoxysilane,43957
43959,"2-Pyrrolidone-5-Carboxylic Acid, Sodium Salt",43959
43960,2-Propoxy-1-Propanol,43960
43961,2-Propenyl Isothiocyanate,43961
43962,2-Phenylethyl Propanoate,43962
43963,2-Phenyl-2-Propanol,43963
43964,2-Methylstyrene,43964
43965,2-Methyl-4-Isothiazolin-3-One ,43965
43966,Tetramethylthiuram Disulfide,43966
43967,"2-Methyl-1,3-Propanediol",43967
43968,2-Methacrylic Acid,43968
43971,2-Ethylhexyl Dihydrogen Phosphate,43971
43972,2-Amino-1-Butanol,43972
43973,"2,6-Dimethylphenol",43973
43974,"2,4,6-Trimethylphenol",43974
43975,"2,2-Dimethyl Octanoic Acid",43975
43976,2- Pyrrolidone,43976
43977,1-Tetradecene,43977
43978,"1-Propene-2-Methyl, Sulfurized",43978
43980,1-Octen-3-Ol,43980
43982,1-Naphthol,43982
43983,1-Methoxy-4-(2-Propenyl)Benzene,43983
43984,1-Ethyl-2-Pyrrolidinone,43984
43985,1-Chloro-4-Methyl-Benzene,43985
43986,1-Acetyl-2-Phenylhydrazine,43986
43987,"1,3-Propandiol",43987
43988,"1,2-Pentanediol",43988
43989,"1,2-Benzisothiazolin-3-One",43989
43990,Corrosion Inhibitor ,43990
43991,Tetrahydrofurfuryl Methacrylate,43991
43994,Tert-Butyl Peroxybenzoate,43994
44001,Architecural Coatings/Consumer Products Bin 1,44001
44002,Architecural Coatings/Consumer Products Bin 2,44002
44003,Architecural Coatings/Consumer Products Bin 3,44003
44004,Architecural Coatings/Consumer Products Bin 4,44004
44005,Architecural Coatings/Consumer Products Bin 5,44005
44006,Architecural Coatings/Consumer Products Bin 6,44006
44007,Architecural Coatings/Consumer Products Bin 7,44007
44008,Architecural Coatings/Consumer Products Bin 8,44008
44009,Architecural Coatings/Consumer Products Bin 9,44009
44010,Architecural Coatings/Consumer Products Bin 10,44010
44011,Architecural Coatings/Consumer Products Bin 11,44011
44012,Architecural Coatings/Consumer Products Bin 12,44012
44013,Architecural Coatings/Consumer Products Bin 13,44013
44014,Architecural Coatings/Consumer Products Bin 14,44014
44015,Architecural Coatings/Consumer Products Bin 15,44015
44016,Architecural Coatings/Consumer Products Bin 16,44016
44017,Architecural Coatings/Consumer Products Bin 17,44017
44018,Architecural Coatings/Consumer Products Bin 18,44018
44019,Architecural Coatings/Consumer Products Bin 19,44019
44020,Architecural Coatings/Consumer Products Bin 20,44020
44021,Architecural Coatings/Consumer Products Bin 21,44021
44022,Architecural Coatings/Consumer Products Bin 22,44022
44023,Architecural Coatings/Consumer Products Bin 23,44023
44024,Architecural Coatings/Consumer Products Bin 24,44024
44201,"1,2-Benzenedicarboxylic Acid Diisodecyl Ester",44201
44202,"1,3-Butylene Glycol",44202
44203,Bromopropane,44203
44204,1-Nitropropane,44204
44205,2-(Methylamino)-2-Methyl-1-Propanol,44205
44206,Dipropylene Glycol Monopropyl Ether,44206
44207,2-Ethylhexyl Acrylate,44207
44208,2-Ethylhexyl Benzoate,44208
44209,2-N-Octyl-4-Isothiazolin-3-One,44209
44210,2-Octyl-1-Dodecanol,44210
44211,1-Phenoxy-2-Propanol,44211
44212,"4,4-Dimethyloxazolidine",44212
44213,Di(Ethylmethylketoxime) Methoxymethyl Silane,44213
44214,Petroleum Ether,44214
44215,Bicyclic Oxazolidine (Nuosept C),44215
44216,Castor Oil,44216
44217,Cold Pressed Orange Oil,44217
44218,Oxo-Tridecyl Acetate,44218
44219,Diesel Fuel,44219
44220,Dimethyl Adipate,44220
44222,Dimethyl Isosorbide,44222
44223,Dipropylene Glycol Methyl Ether Acetate,44223
44225,"Distillate(Petroleum), Hydrotreated Light",44225
44226,"Distillates, Petroleum, Solvent-Refined",44226
44227,Ethyl Lactate,44227
44228,Ethyl Orthoformate,44228
44229,Ethyl Silicate,44229
44230,"9-Octadecenoic Acid (Z)-, Ester With 1,2,3-Propanetriol",44230
44231,Heavy Straight-Run Naphtha,44231
44232,"Hexahydro-1,3,5-Tris(2-Hydroxyethyl)-S-Triazine",44232
44233,Hydrotreated Heavy Naphtha,44233
44234,Hydrotreated Heavy Naphthenic Distillate,44234
44235,Hydrotreated Light Naphthenic Distillate,44235
44237,Tetraisobutylene,44237
44238,"2,2,4,4,6,8,8-Heptamethylnonane",44238
44239,Isopropyl Palmitate,44239
44240,Light Petroleum Distillate,44240
44241,"Alcohols, C9-11, Ethoxylated",44241
44242,Vinyl Chloride/ Vinyl Acetate Terpolymer,44242
44243,Medium Aliphatic Solvent Naphtha,44243
44244,"2,4-Imidazolidinedione, Bromochloro-5,5-Dimethyl",44244
44245,Methyl Isoamyl Ketone,44245
44247,"N,N,N',N'-Tetrakis(2-Hydroxyethyl)Ethylenediamine",44247
44248,"Naphtha (Petroleum), Heavy Alkylate",44248
44249,"Petroleum Distillates, Hydrotreated Middle",44249
44250,Nitroethane,44250
44251,Oleic Acid,44251
44252,Oleyl Alcohol,44252
44253,"Alcohols, C9-11",44253
44255,"Propanoic Acid, 2-Methyl-2,2-Dimethyl-1-(1-Methylethyl)-1,3-Propanediyl Ester",44255
44256,Aminoethyl Aminopropyl Dimethyl Siloxane,44256
44257,"Solvent Naphtha, Petroleum, Heavy Aliph.",44257
44259,Straight-Run Middle Distillate,44259
44260,Tea Tree Oil,44260
44261,Terpinolene,44261
44262,Thiocyanic Acid (2-Benzoathiazolythio)Methyl Ester,44262
44263,Tri-(2-Butoxyethanol) Phosphate,44263
44264,Triethoxyoctylsilane,44264
44265,Triethylene Glycol Monobutyl Ether,44265
44266,Tripropylene Glycol Methyl Ether,44266
44267,Troysan 174,44267
44268,Quantenary Ammonium Chloride,44268
44269,White Mineral Oil,44269
45102,Xylenes (Mixed),45102
45103,C10 Trialkyl Benzenes,45103
45104,C9 Dialkyl Benzenes,45104
45105,Isomers Of Butylbenzene,45105
45106,Isomers Of Diethylbenzene,45106
45107,Trimethylbenzenes,45107
45111,Tetralin,45111
45112,Isomers Of Butadienephenyl,45112
45113,"1,3-Diethylbenzene (Meta)",45113
45114,"1,4-Diethylbenzene (Para)",45114
45201,Benzene,45201
45202,Toluene,45202
45203,Ethyl Benzene,45203
45204,O-Xylene,45204
45205,M-Xylene,45205
45206,P-Xylene,45206
45207,"1,3,5-Trimethylbenzene",45207
45208,"1,2,4-Trimethylbenzene",45208
45209,N-Propylbenzene,45209
45215,T-Butylbenzene,45215
45220,Styrene,45220
45221,A-Methylstyrene,45221
45222,"2,2,4-Trimethylhexane",45222
45223,"2,4,4-Trimethylhexane",45223
45225,"1,2,3-Trimethylbenzene",45225
45232,C10 Tetraalkyl Benzenes,45232
45234,(1-Methylpropyl)Benzene,45234
45235,(2-Methylpropyl)Benzene,45235
45237,"1,3-Dipropylbenzene",45237
45243,1-Methyl-2-N-Butylbenzene,45243
45244,1-Methyl-2-Tert-Butylbenzene,45244
45245,C11 Dialkyl Benzenes,45245
45246,C11 Trialkyl Benzenes,45246
45247,C12 Dialkyl Benzenes,45247
45248,C10 Dialkyl Benzenes,45248
45249,C13 Alkyl Benzenes,45249
45250,"1,4-Dimethyl-2-Ethylbenzene",45250
45251,"1,3-Dimethyl-4-Ethylbenzene",45251
45252,"1,2-Dimethyl-4-Ethylbenzene",45252
45253,"1,3-Dimethyl-2-Ethylbenzene",45253
45254,"1,2-Dimethyl-3-Ethylbenzene",45254
45255,N-Pentylbenzene,45255
45256,"1-(1,1-Dimethylethyl)-3,5-Dimethylbenzene",45256
45257,"1,3-Dimethyl-5-Ethylbenzene",45257
45300,Phenol,45300
45303,C10 Alkylphenols,45303
45304,C11 Alkylphenols,45304
45320,Dimethylbenzylalcohol,45320
45401,Xylene Base Acids,45401
45402,Benzoic Acid,45402
45403,Terephthalic Acid,45403
45501,Benzaldehyde,45501
45502,M-Tolualdehyde,45502
45503,Dimethylbenzaldehyde,45503
45504,O-Tolualdehyde,45504
45505,C11-Aromatics,45505
45506,Dodecenal,45506
45801,Chlorobenzene,45801
45807,P-Dichlorobenzene,45807
46115,Dimethylnaphthydrine,46115
46201,"1,4-Dioxane",46201
46202,Octahydroindenes,46202
46601,Tetramethylthiourea,46601
46602,Benzothiazole,46602
46746,C2 Alkylnaphthalene,46746
46747,Methylindans,46747
46748,Methyldecalins,46748
46749,Methyldihydronaphthalene,46749
46750,Dimethylindans,46750
46751,Dihydronaphthalene,46751
46752,Dimethylindene,46752
46753,T-Decahydronaphthalene,46753
46754,Ethylindan,46754
46755,Trimethylindan,46755
47001,Farnesane,47001
47002,Norfarnesane,47002
47003,"2,6,10-Trimethyltridecane",47003
47004,Norpristane,47004
47005,Pristane,47005
47006,Phytane,47006
47007,Heptylcyclohexane,47007
47008,Dodecylcyclohexane,47008
47009,Tridecylcyclohexane,47009
47010,Tetradecylcyclohexane,47010
47011,Pentadecylcyclohexane,47011
47015,C2-Naphthalenes,47015
47016,C3-Naphthalenes,47016
47017,C1-Mw 202 PAH,47017
47018,Chrysene And Triphenylene,47018
47019,"8beta,13alfa-Dimethyl-14beta-N-Butylpodocarpane",47019
47020,"8beta,13alfa-Dimethyl-14beta-[3'methylbutyl]-Podocarpane",47020
47021,Heptanal,47021
47022,Octanal,47022
47023,Nonanal,47023
47024,Decanal,47024
47025,Undecanal,47025
47026,Dodecanal,47026
47027,Tridecanal,47027
47029,"2,5-Dimethylbenzaldehyde",47029
47030,Indanone,47030
47031,Fluorenone,47031
47032,Xanthone,47032
47033,Biacetyl,47033
47034,Octanoic Acid,47034
47035,Nonanoic Acid,47035
47036,Decanoic Acid,47036
47037,Undecanoic Acid,47037
47038,Dodecanoic Acid,47038
47039,Tridecanoic Acid,47039
47040,Tetradecanoic Acid,47040
47041,Methylbenzoic Acids,47041
47043,Dibenzothiophene,47043
47044,Dibenzothiazole,47044
47045,Glycolaldehyde,47045
47046,Methyl Vinyl Ether,47046
47047,Methyl Vinyl Ketone,47047
47048,1-Hydroxy-2-Propanone,47048
47049,Propionitrile,47049
47050,Pyrrole,47050
47051,Methyl Iodide,47051
47053,Methyl Nitrate,47053
47054,Ethyl Nitrate,47054
47055,N-Propyl Nitrate,47055
47056,Isopropyl Nitrate,47056
47057,2-Butyl Nitrate,47057
47059,2-Pentyl Nitrate,47059
47061,3-Methyl-2-Butanone,47061
47062,3-Methyl-3-Buten-2-One,47062
47064,4-Carene,47064
50040,Mineral Oils (Untreated And Mildly Treated Oils),50040
50178,Diethyl Phthalate,50178
50218,Acetophenone,50218
50268,"N,N-Dimethylaniline",50268
50275,Tributyl Phosphate,50275
50313,Benzofuran,50313
60000,Methyl Isocyanate,60000
60001,"1,3-Dichloropropene",60001
60002,Aromatic 200 Solvent,60002
60003,Xylene Range Solvent,60003
60005,Molinate,60005
60006,Kerosene,60006
60007,Chloropyfiros,60007
60008,Glyphosate,60008
60010,Thiobencarb,60010
60011,Oxyfluorfen,60011
60012,Pebulate,60012
60013,Pendimethalin,60013
60014,Oryzalin,60014
60015,Trifluralin,60015
60016,Aliphatic Solvent,60016
60017,Oxydemeton-Methyl,60017
60018,1 Methyl 2 N Butylbenzene,60018
62112,"Chromium, Hexavalent (& Compounds)",62112
65312,Potassium Ion,65312
71111,Cerium,71111
80001,(1-methylpropyl)benzene (sec-butyl benzene),80001
80002,"1,2,3,5-tetramethylbenzene",80002
80003,"1,2,3-trimethylbenzene",80003
80004,"1,2,4-trimethylbenzene",80004
80005,"1,2-diethylbenzene (ortho)",80005
80006,"1,3,5-trimethylbenzene",80006
80007,"1,3-diethylbenzene (meta)",80007
80008,"1,4-diethylbenzene (para)",80008
80009,1-methyl naphthalene,80009
80010,2-methylnaphthalene,80010
80011,benzene,80011
80012,Branched C10 Alkanes,80012
80013,Branched C11 alkanes,80013
80014,Branched C12 Alkanes,80014
80015,Branched C17 Alkanes,80015
80016,Branched C6 Alkanes,80016
80017,Branched C7 Alkanes,80017
80018,Branched C8 Alkanes,80018
80019,Branched C9 Alkanes,80019
80020,C10 Cycloalkanes,80020
80021,c10 dialkyl benzenes,80021
80022,C10 Monosubstituted Benzenes,80022
80023,C10 trialkylbenzenes,80023
80024,C11 cycloalkanes,80024
80025,c11 dialkyl benzenes,80025
80026,C11 Monosubstituted Benzenes,80026
80027,C11 Tetralin or Indane,80027
80028,C11 Tetrasubstituted Benzenes,80028
80029,c11 trialkyl benzenes,80029
80030,C12 cycloalkanes,80030
80031,c12 dialkyl benzenes,80031
80032,C12 Monosubstituted Benzenes,80032
80033,C12 naphthalenes,80033
80034,C12 Trisubstituted Benzenes,80034
80035,C13 branched alkanes,80035
80036,C13 Cycloalkanes,80036
80037,C13 Disubstituted Benzenes,80037
80038,C13 Monosubstituted Benzenes,80038
80039,C13 naphthalenes,80039
80040,C13 Trisubstituted Benzenes,80040
80041,C14 branched alkanes,80041
80042,C14 Cycloalkanes,80042
80043,C14 disubstituted benzenes,80043
80044,C14 monosubstituted benzenes,80044
80045,C14 naphthalenes,80045
80046,C14 trisubstituted benzenes,80046
80047,C15 branched alkanes,80047
80048,C15 Cycloalkanes,80048
80049,C15 disubstituted benzenes,80049
80050,C15 monosubstituted benzenes,80050
80051,C15 naphthalenes,80051
80052,C15 trisubstituted benzenes,80052
80053,C16 branched alkanes,80053
80054,C16 Cycloalkanes,80054
80055,C16 naphthalenes,80055
80056,C17 cycloalkanes,80056
80057,C5 branched alkanes,80057
80058,C6 Cycloalkanes,80058
80059,C7 cycloalkanes,80059
80060,C8 cycloalkanes,80060
80061,c9 alkyl benzenes,80061
80062,C9 cycloalkanes,80062
80063,cumene (isopropyl benzene),80063
80064,cyclopentane,80064
80065,ethylbenzene,80065
80066,hexadecane,80066
80067,indan,80067
80068,methylindans,80068
80069,m-ethyltoluene,80069
80070,m-xylene,80070
80071,napthalene,80071
80072,n-butylbenzene,80072
80073,n-decane,80073
80074,n-dodecane,80074
80075,n-heptadecane,80075
80076,n-heptane,80076
80077,n-hexane,80077
80078,n-nonane,80078
80079,n-octane,80079
80080,n-pentadecane,80080
80081,n-pentane,80081
80082,n-propylbenzene,80082
80083,n-tetradecane,80083
80084,n-tridecane,80084
80085,n-undecane,80085
80086,o-ethyltoluene,80086
80087,o-xylene,80087
80088,pentamethylbenzene,80088
80089,p-ethyltoluene,80089
80090,p-xylene,80090
80091,tetralin,80091
80092,tetramethylbenzenes,80092
80093,toluene,80093
81111,Carbon-Total,81111
85101,Particulate Matter 10 Microns Or Less (PM10),85101
85105,PM10 - Noncondensable,85105
88101,Particulate Matter 2.5 Microns Or Less  (PM2.5),88101
88105,PM25 - Noncondensable,88105
90026,"1,3-Cyclopentadiene",90026
90027,Methylcyclopentadiene,90027
90028,2-Methyl-2-Hexene,90028
90029,3-Methyl-Cis-2-Hexene,90029
90030,3-Methyl-1-Hexene,90030
90031,4-Methyl-Trans-2-Hexene,90031
90032,3-Methyl-Trans-3-Hexene,90032
90040,"3,3-Dimethylpentane",90040
90041,Methylcyclohexadiene,90041
90042,"2,2-Dimethylpentane",90042
90043,Methylhexanal,90043
90044,Methylheptyne,90044
90047,2-Methylnonane,90047
90049,Methylundecane,90049
90051,Myrcene,90051
90054,Pentenyne,90054
90058,Hexadienal,90058
90059,Heptadienal,90059
90061,"2,3-Dimethyl-2-Pentene",90061
90062,"2,4-Dimethyl-2-Pentene",90062
90063,"2,4-Dimethyl-1-Pentene",90063
90064,Dimethylcyclopentane,90064
90065,Dimethylcyclopentene,90065
90066,Nonadiene,90066
90068,Dimethylhexadiene,90068
90069,Dimethylethylcyclohexane,90069
90071,Dimethylundecane,90071
90072,Methyl Propylcyclohexanes,90072
90074,Dimethyldecane,90074
90075,"3,4-Dimethyl-1-Pentene",90075
90076,Dimethylnonane,90076
90077,Ethyloctane,90077
90078,Ethylpentene,90078
90079,3-Ethylcyclopentene,90079
90080,Cis-1-Methyl-3-Ethylcyclopentane,90080
90081,Ethylhexane,90081
90082,Ethylmethylhexane,90082
90083,Ethylmethylcyclohexanes,90083
90084,Ethylheptane,90084
90085,Ethylmethyloctane,90085
90086,Ethylbicycloheptane,90086
90087,Ethyldimethylpentane,90087
90090,Ethyl Propylcyclohexanes,90090
90091,Tetramethylcyclobutene,90091
90093,Trimethylpentadiene,90093
90095,Trimethylhexene,90095
90096,Trimethyloctanes,90096
90097,Trimethyldecane,90097
90098,Tetramethylcyclopentane,90098
90099,Octatriene,90099
90100,"Trans-1,3-Pentadiene",90100
90101,Butylcyclohexane,90101
90102,"3-Methyl-1,3-Butadiene",90102
90103,Pentadiene,90103
90105,Propenylcyclohexane,90105
90107,Methyldecene,90107
90109,Propyl Heptene,90109
90110,Diethylmethylcyclohexanes,90110
90111,Isopropylmethylcyclohexane,90111
90112,Dimethyoctyne Diol,90112
90113,Pentylindenecyclohexane,90113
90114,Dimethylbutylcyclohexane,90114
90116,Propylcyclopentane,90116
90118,Octahydropentalene,90118
90119,Propylcyclohexane,90119
90120,Isopropylcyclohexane,90120
90121,Glyoxal,90121
90122,Methyl Glyoxal,90122
91000,"3,3-Dimethyl-1-Pentene",91000
91001,"4,4-Dimethyl-2-Pentene",91001
91002,"2,3,3-Trimethyl-1-Butene",91002
91003,3-Ethyl-1-Pentene,91003
91004,2-Methyl-Cis-3-Hexene,91004
91005,5-Methyl-1-Hexene,91005
91006,2-Methyl-Trans-3-Hexene,91006
91007,2-Ethyl-3-Methyl-1-Butene,91007
91008,4-Methyl-1-Hexene,91008
91009,5-Methyl-Trans-2-Hexene,91009
91010,"1,6-Heptadiene",91010
91011,"3,4-Dimethyl-2-Pentene",91011
91012,"2-Methyl-1,4-Pentadiene",91012
91013,"1,5-Hexadiene",91013
91014,"1,4-Hexadiene",91014
91015,"1,3-Hexadiene",91015
91016,T-Amylmethylether (TAME),91016
91017,5-Methyl-Cis-2-Hexene,91017
91018,"Cis-1,3-Dimethylcyclopentane",91018
91019,"Trans-1,3-Dimethylcyclopentane",91019
91020,2-Methyl-1-Hexene,91020
91021,Trans-1-2-Dimethylcyclopentane,91021
91022,2-Ethyl-1-Pentene,91022
91023,"1,5-Heptadiene",91023
91024,3-Methyl-Cis-3-Hexene,91024
91025,Cis-3-Heptene,91025
91026,Trans-2-Heptene,91026
91027,3-Methyl-Trans-2-Hexene,91027
91028,Cis-2-Heptene,91028
91029,Cis-1-2-Dimethylcyclopentane,91029
91030,"1,1,3-Trimethylcyclopentane",91030
91031,"Cis-1,Trans-2,4-Trimethylcyclopentane",91031
91033,"1,1,2-Trimethylcyclopentane",91033
91034,2-Methyl-3-Ethylpentane,91034
91035,2-Ethyl-1-Hexene,91035
91036,3-Methyl-3-Ethylpentane,91036
91037,"Cis-1,Cis-2,4-Trimethylcyclopentane",91037
91038,"Cis-1,Trans-2,3-Trimethylcyclopentane",91038
91039,3-Ethylhexane,91039
91040,"1,3-Octadiene",91040
91041,"1,1-Dimethylcyclohexane",91041
91043,"2,6-Dimethyl-1-Heptene",91043
91044,Trans-1-Methyl-3-Ethylcyclopentane,91044
91045,Trans-2-Ethylmethylcyclopentane,91045
91046,"1,1-Methylethylcyclopentane",91046
91047,"Trans-1,2-Dimethylcyclohexane",91047
91048,"3,5,5-Trimethyl-1-Hexene",91048
91049,Trans-3-Octene,91049
91050,"Cis-1,Cis-2,3-Trimethylcyclopentane",91050
91051,"Cis-1,4-Dimethylcyclohexane",91051
91052,"2,2,3,4-Tetramethylpentane",91052
91053,"2,3,4-Trimethylhexane",91053
91054,"2,3,3-Trimethyl-1-Hexene",91054
91055,"Cis-1,2-Dimethylcyclohexane",91055
91056,"2,2-Dimethylheptane",91056
91057,"1,1,4-Trimethylcyclohexane",91057
91058,"Trans-2,2-Dimethyl-3-Heptene",91058
91059,"2,2,3,Trimethylhexane",91059
91060,"4,4-Dimethylheptane",91060
91061,"Cis-1,Cis-3,5-Trimethylcyclohexane",91061
91062,2-Methyl-4-Ethylhexane,91062
91063,"3,3-Dimethylheptane",91063
91064,"1,1,3-Trimethylcyclohexane",91064
91065,"2,4-Dimethyl-1-Heptene",91065
91066,"Cis-1,Trans-2,Trans-4-Trimethylcyclohexane",91066
91067,2-Methyl-1-Octene,91067
91068,2-Methyl-2-Octene,91068
91069,"3,4-Dimethylheptane",91069
91070,4-Ethylheptane,91070
91071,3-Ethylheptane,91071
91072,"3,3-Diethylpentane",91072
91073,"Cis-1,Trans-2,Cis-4-Trimethylcyclohexane",91073
91074,"1,1,2-Trimethylcyclohexane",91074
91075,Trans-2-Nonene,91075
91076,Trans-2-Methyl-3-Octene,91076
91077,Isobutylcyclopentane,91077
91078,Cis-2-Nonene,91078
91079,"2,3-Dimethyl-2-Heptene",91079
91080,Trans-3-Nonene,91080
91081,1-Methyl-1-Ethylcyclohexane,91081
91082,"3,7-Dimethyl-1-Octene",91082
91083,"Trans-2,2,5,5-Tetramethyl-3-Hexene",91083
91084,Cis-3-Nonene,91084
91085,N-Butylcyclopentane,91085
91086,"3,6-Dimethyloctane",91086
91088,5-Methylnonane,91088
91089,3-Ethyloctane,91089
91090,3-Methylnonane,91090
91091,3-Ethyl-2-Methyl-2-Heptene,91091
91092,"2,3-Dimethyl-2-Octene",91092
91093,"Trans-1,Methyl-2n-Propylcyclohexane",91093
91094,1-Methyl-4-Isopropylbenzene,91094
91095,Sec-Butylcyclohexane,91095
91096,1-Methyl-2-Isopropylbenzene,91096
91097,3-Ethylnonane,91097
91098,N-Butylbenzene,91098
91100,1-Methyl-4-T-Butylbenzene,91100
91102,1-Ethyl-4-Isopropylbenzene,91102
91103,"1,2,4,5-Tetramethylbenzene",91103
91104,"1,2,3,5-Tetramethylbenzene",91104
91105,Trans-1-Butyl-2-Methylbenzene,91105
91106,5-Methylindan,91106
91107,4-Methylindan,91107
91108,2-Methylindan,91108
91109,"1,2,3,4-Tetramethylbenzene",91109
91110,"1,3-Isodipropylbenzene",91110
91111,S-Pentylbenzene,91111
91112,Trans-1-Methyl-2-(4-Methylpropyl)Cyclohexane,91112
91113,"1,4-Isodipropylbenzene",91113
91114,"1,2-Isodipropylbenzene",91114
91116,"1,3-N-Dipropylbenzene",91116
91117,"1,3,5-Triethylbenzene",91117
91118,Trans-1-Butyl-4-Ethylbenzene,91118
91119,"1,2,4-Triethylbenzene",91119
91120,1-Methyl-4-N-Pentylbenzene,91120
91121,N-Hexylbenzene,91121
91122,Pentamethylbenzene,91122
91123,2-Methyl Naphthalene,91123
91124,1-Methylnaphthalene,91124
91287,3-Methyl-5-Ethylheptane,91287
91288,M & P-Ethyltoluene,91288
91289,C10 Alkyl Cyclohexanes,91289
91290,Ethylnaphthalenes,91290
91291,Methylehexadiene,91291
91293,Ole,91293
91294,"Misc. Asphalts, Paraffins, Distillates (TOG Portion)",91294
91295,"Trans-1,Cis-2,3-Trimethylecyclopentane",91295
91296,1-Ethyl-2-Isopropylbenzene,91296
91297,2-Methylphenanthrene,91297
91298,"Misc. Alkyd, Acrylic, And Related Resins (TOG Portion)",91298
91299,"Misc. Glycols, Glycol Ethers, And Acetates",91299
91300,"1,2,3-Trimethyl-4-Ethylbenzene",91300
92000,1-Methylcyclopentene,92000
92001,1-Methyl-4-Ethylcyclohexane,92001
97000,C4-Naphthalenes,97000
97001,Acenaphthylene,97001
97002,Acenaphthene,97002
97003,Fluorene,97003
97004,C1-Fluorene,97004
97005,Phenanthrene,97005
97006,3-Methylphenanthrene,97006
97008,2-Methylanthracene,97008
97009,9-Methylphenanthrene,97009
97010,1-Methylphenanthrene,97010
97011,C2 MW 178 PAH,97011
97012,C3 MW 178 PAH,97012
97013,Fluoranthene,97013
97014,Acephenanthrylene,97014
97015,Pyrene,97015
97016,C1-MW 228 PAH,97016
97017,Benzo[ghi]Fluoranthene,97017
97018,Cyclopenta[cd]Pyrene,97018
97019,Benz[a]Anthracene,97019
98001,"2,3-Dimethylbutane",98001
98002,2-Ethyl-1-Butene,98002
98003,Cis-3-Hexene,98003
98004,2-Methyl-2-Pentene,98004
98005,1-Heptene,98005
98006,Trans-3-Heptene,98006
98007,3-Ethyl-2-Pentene,98007
98010,Methylnaphthalenes,98010
98012,"2,3-Dimethylnaphthalene",98012
98013,Propylnaphthalenes,98013
98014,Trimethylnaphthalene,98014
98015,Anthracene,98015
98016,Methylanthracene,98016
98017,"Dimethyl-2,3,Dh-1h-Indene",98017
98018,Dimethyl Ether,98018
98020,B-Methylstyrene,98020
98021,O-Cresol,98021
98022,M-Cresol,98022
98023,P-Cresol,98023
98024,Benzyl Chloride,98024
98025,A-Pinene,98025
98026,B-Pinene,98026
98027,D-Limonene {4-Isopropenyl-1-Methylcycohexane},98027
98028,Phthalic Anhydride,98028
98029,Dibutyl Phthalate,98029
98030,Carbon Disulfide,98030
98031,Carbonyl Sulfide,98031
98033,"2,2,5-Trimethylhexane",98033
98034,Trans-2-Hexene,98034
98035,Cis-2-Hexene,98035
98036,Isobutyraldehyde,98036
98037,1-Methylcyclohexene,98037
98039,C10 Internal Alkenes,98039
98040,2-Methyl-1-Pentene,98040
98042,C9 Internal Alkenes,98042
98043,Cumene,98043
98044,Indan,98044
98046,Naphthalene,98046
98048,Indene,98048
98049,C9 Aromatics,98049
98050,C10 Aromatics,98050
98051,2-Chlorotoluene,98051
98054,"2,4,4-Trimethyl-1-Pentene",98054
98055,"2,4,4-Trimethyl-2-Pentene",98055
98056,Isovaleraldehyde,98056
98057,Ethylcyclopentane,98057
98058,Trimethylcyclopentane,98058
98059,"Trans-1,3-Dimethylcyclohexane",98059
98060,Trimethylcyclohexane,98060
98061,"1,3,5-Trimethylcyclohexane",98061
98062,Diethylcyclohexane,98062
98063,N-Pentylcyclohexane,98063
98064,C8 Alkyl Cyclohexanes,98064
98065,C9 Alkyl Cyclohexanes,98065
98067,C11 Alkyl Cyclohexanes,98067
98070,C10 Cycloalkanes,98070
98071,C11 Cycloalkanes,98071
98072,C12 Cycloalkanes,98072
98073,C4 Substituted Cyclohexanone,98073
98074,Ethylene Glycol Monobutyl Ether,98074
98075,C5 Ester,98075
98076,2-Methyl-3-Hexanone,98076
98077,Heptanone,98077
98078,Alkene Ketone,98078
98079,Terpinene,98079
98080,Butandiol,98080
98081,Methyl Salicylate (an ester),98081
98082,Ethylheptene,98082
98083,C13 Internal Alkenes,98083
98084,C2 Alkyl Indan,98084
98086,C2 Alkyl Decalin,98086
98087,Carvomenthol,98087
98088,Carvone,98088
98089,Isopulegone,98089
98090,Methyl Heptene,98090
98091,Dimethylheptanes,98091
98093,C7 Ester,98093
98094,Pentyl Alcohol,98094
98095,C6 Aldehydes,98095
98096,Diethylene Glycol Monoethyl Ether,98096
98097,A-Terpineol,98097
98098,Par,98098
98100,Eth,98100
98103,Unr,98103
98104,1-Chlorobutane,98104
98105,3-(Chloromethyl)-Heptane,98105
98106,Ethyl Isopropyl Ether,98106
98107,Dibutyl Ether,98107
98109,Propylcyclohexanone,98109
98110,Diethylene Glycol Monobutyl Ether,98110
98111,1-Ethoxy-2-Propanol,98111
98112,2-Ethyl-1-Hexanol,98112
98113,1-Heptanol,98113
98114,Methyl Isobutyrate,98114
98115,Isoamyl Isobutyrate,98115
98116,Substituted C7 Ester (C12),98116
98117,Substituted C9 Ester (C12),98117
98118,Methyl Acrylate,98118
98119,Vinyl Acetate,98119
98120,Methacrylonitrile,98120
98121,Methyacrylic Acid,98121
98122,Ald2,98122
98123,Diethylene Glycol Monomethyl Ether,98123
98124,Cyclomethicone (A VMS),98124
98125,1-Hexanol,98125
98126,Tetrahydrofurfuryl Alcohol,98126
98127,Cyclohexanol,98127
98128,Diisopropyl Adipate,98128
98129,N-Methylpyrrolidinone,98129
98130,"2,2-Dimethylpropane",98130
98131,1-Butyne (Ethylacetylene),98131
98132,Isopentane,98132
98133,2-Butyne,98133
98134,Vinylacetylene,98134
98135,4-Methyl-1-Pentene,98135
98136,Trans-3-Hexene,98136
98137,Dimethylhexene,98137
98138,"2,2-Dimethylhexane",98138
98139,"2,3-Dimethylhexane",98139
98140,2-Methylheptane,98140
98141,"2,3,5-Trimethylhexane",98141
98142,"2,4-Dimethylheptane",98142
98143,"2,5-Dimethylheptane",98143
98144,"3,5-Dimethylheptane",98144
98145,"2,3-Dimethylheptane",98145
98146,2-Methyloctane,98146
98147,"2,4,5-Trimethylheptane",98147
98149,"2,4-Dimethyloctane",98149
98150,"3,4-Dimethylhexane",98150
98151,"3,4-Dimethyloctane",98151
98152,1-Methyl-3n-Propylbenzene,98152
98153,1-Methyl-3-Isopropylbenzene,98153
98154,"1,2-Diethylbenzene (Ortho)",98154
98155,2-Methyldecane,98155
98156,Crotonaldehyde,98156
98157,"2,6-Dimethylheptane",98157
98158,C7 Aldehydes,98158
98159,Hexaldehyde,98159
98160,Methyl Propyl Ketone {2-Pentanone},98160
98161,Diethyl Ketone,98161
98162,(2-Methylbutyl)Benzene,98162
98163,3-Methyl-Cis-2-Pentene,98163
98165,2-Pentenes,98165
98166,Camphor,98166
98167,Menthol,98167
98168,Chloropicrin,98168
98169,"3,3-Dimethyl-1-Butene",98169
98170,4-Methyl-Cis-2-Pentene,98170
98171,"3,3-Dimethylhexane",98171
98172,3-Methyloctane,98172
98173,4-Methyloctane,98173
98174,"2,2,4-Trimethylheptane",98174
98175,"2,2-Dimethyloctane",98175
98176,"2,5-Dimethyloctane",98176
98177,"2,6-Dimethyloctane",98177
98178,1-Methyl-2n-Propylbenzene,98178
98179,1-Ethyl-2n-Propylbenzene,98179
98180,"Cis-1,3-Dimethylcyclohexane",98180
98181,"Trans-1,4-Dimethylcyclohexane",98181
98182,1-Methyl-4n-Propylbenzene,98182
98183,"2,3-Dimethyloctane",98183
98184,"3,3-Dimethyloctane",98184
98185,"2,6-Dimethylnaphthalene",98185
98190,Butyl Benzyl Phthalate,98190
98200,N-Valeraldehyde,98200
99001,Allyl Chloride,99001
99003,Chloroprene,99003
99004,Nitromethane,99004
99006,Epichlorohydrin,99006
99007,Hexachlorocyclopentadiene,99007
99008,Maleic Anhydride,99008
99009,Nitrobenzene,99009
99010,N-Nitrosomorpholine,99010
99013,Vinylidene Chloride,99013
99014,Ethylene Dibromide {EDB},99014
99015,Dibenzofuran,99015
99016,"1,2-Dichloropropane",99016
99017,Bromodichloromethane,99017
99018,"Trans-1,2-Dichloroethene",99018
99019,Bromoform,99019
99020,Chlorodibromomethane,99020
99021,3-Carene,99021
99024,M & P-Xylene,99024
99025,4-Methyl-2-Pentanol {Methyl Isobutyl Carbinol},99025
99026,Furfuryl Alcohol,99026
99030,Other C7,99030
99031,Other C8,99031
99032,Other C9,99032
99033,Other C10,99033
99034,Other C11,99034
99035,Other C12,99035
99037,Other C13,99037
99038,Other C14,99038
99040,1-Methyl-3-Isopropylcyclohexane,99040
99041,1-Methyl-2-Isopropylcyclohexane,99041
99043,"1,1,3,4-Tetramethylcyclohexane",99043
99044,6-Ethyl-2-Methyloctane,99044
99045,6-Methylundecane,99045
99046,"1,2-Dimethyl-3-Ethylcyclohexane",99046
99048,1-Ethyl-3-Methylcyclopentane,99048
99049,4-Ethyldecane,99049
99050,2-Methyldecalin,99050
99051,3-Ethyl-3-Methyloctane,99051
99052,(2-Methylbutyl)Cyclohexane,99052
99053,"1,2-Diethyl-1-Methylcyclohexane",99053
99054,"Cis,Cis-1,2,4-Trimethylcyclohexane",99054
99055,"2-Ethyl-1,3-Dimethylcyclohexane",99055
99056,5-Isopropylnonane,99056
99057,Hexylcyclopentane,99057
99059,"1,1-Dimethyl-2-Propylcyclohexane",99059
99060,"1-Ethyl-2,2,6-Trimethylcyclohexane",99060
99061,"1-Ethyl-1,2-Dimethylcyclohexane",99061
99062,"1,1,2,3-Tetramethylcyclohexane",99062
99063,"1-Ethyl-2,4-Dimethylcyclohexane",99063
99064,1-Methyl-4-Isobutylbenzene,99064
99065,"1,3-Dimethyl-4-Isopropylbenzene",99065
99066,"4,5-Dimethyldecane",99066
99067,"2,7-Dimethyldecane",99067
99068,"3,5-Dimethylnonane",99068
99071,Cis-1-Ethyl-3-Methylcyclopentane,99071
99072,Methyl Pentylcyclohexane,99072
99073,"1,2,4-Trimethylcyclopentane",99073
99074,"1,2,3-Trimethylcyclopentane",99074
99075,"Trans,Cis-1,2,4-Trimethylcyclohexane",99075
99076,"Trans,Trans-1,3,5-Trimethylcyclohexane",99076
99077,"1,2,3-Trimethylcyclohexane",99077
99078,"2,5-Dimethylnonane",99078
99079,"Cis,Trans-1,2,4-Trimethylcyclohexane",99079
99080,Trans-1-Ethyl-3-Methylcyclohexane,99080
99082,Trans-1-Ethyl-4-Methylcyclohexane,99082
99083,1-Ethyl-2-Methylcyclopentane,99083
99084,1-Methyl-3-Butylbenzene,99084
99085,Trans-1-Ethyl-3-Methylcyclopentane,99085
99086,Menthol (Racemic),99086
99087,Cis-Decalin,99087
99088,1-Methyl-4-Isopropylcyclohexane,99088
99089,"2,6-Dimethyl-4-Heptanol",99089
99090,Pentylcyclopentane,99090
99091,Cis-Bicyclo[3.3.0]Octane,99091
99092,1-Methylindan,99092
99093,Cis-1-Ethyl-2-Methylcyclopentane,99093
99094,3-Methylundecane,99094
99095,"2,7-Dimethyloctane",99095
99096,3-Phenylpentane,99096
99097,5-Methylundecane,99097
99098,"1,1-Dimethylcyclopentane",99098
99099,"Trans,Trans-1,2,4-Trimethylcyclohexane",99099
99100,Isobutylcyclohexane,99100
99101,"1,2-Dimethylcyclopentane",99101
99102,4-Methyldecane,99102
99103,4-Methylundecane,99103
99104,Cis-1-Ethyl-4-Methylcyclohexane,99104
99105,Hexylcyclohexane,99105
99106,Pentylcyclohexane,99106
99107,"1,1,3,5-Tetramethylcyclohexane",99107
99108,Cis-Bicyclo[4.3.0]Nonane,99108
99109,Cis-1-Ethyl-2-Methylcyclohexane,99109
99110,Trans-1-Ethyl-2-Methylcyclohexane,99110
99111,2-Methylundecane {Isododecane},99111
99112,"2,2,3,3-Tetramethylpentane",99112
99113,"3,3,5-Trimethylheptane",99113
99114,"2,6-Dimethyldecane",99114
99115,3-Methyldecane,99115
99116,5-Methyldecane,99116
99117,3-Ethyl-2-Methylheptane,99117
99118,"3,5-Dimethyloctane",99118
99119,"4,5-Dimethyloctane",99119
99120,3-Ethyldecane,99120
99121,"2,6-Dimethylundecane",99121
99122,4-Methylnonane,99122
99123,"2,4-Dimethylnonane",99123
99124,"2,6-Dimethylnonane",99124
99125,"3,7-Dimethylnonane",99125
99126,Cis-1-Ethyl-3-Methylcyclohexane,99126
99127,"2,3,5-Trimethylheptane",99127
99128,"Cis,Trans-1,2,3-Trimethylcyclohexane",99128
99129,3-Ethyl-4-Methylheptane,99129
99130,Misc. Glycol Ethers And Acetates,99130
99131,Misc. Alcohols,99131
99132,Misc. Xylenes,99132
99133,Misc. Esters,99133
99134,Fragrances,99134
99135,Misc./Other VOC,99135
99136,Other Exempt Propellants,99136
99137,Misc. Acids,99137
99138,Misc. Amines,99138
99139,Misc. Silanes,99139
99140,Misc. Hydrocarbon Propellants,99140
99141,Misc. LVP VOC Distillates,99141
99142,"Other, Lumped VOCs, Individually < 2% Of Category",99142
99143,"Other, Lumped Exempts, Individually < 2% Of Category",99143
99144,"Other, Misc. VOC",99144
99145,Misc. Trimethylbenzenes,99145
99146,"Other, Misc. VOC Compounds Aggregated In Profile",99146
99147,"Other, Misc. Exempt Compounds Aggregated In Profile",99147
99148,Ethylene Glycol Butyl Ether Acetate {2-Butoxyethyl Acetate},99148
99151,Distillates/Naphtha/Mineral Spirits,99151
99152,Aliphatics,99152
99153,Oils,99153
99154,Misc. Urethane-Containing Material (TOG Portion),99154
99155,Misc. Formaldehyde-Containing Material (TOG Portion),99155
99156,Misc. Styrene-Containing Material (TOG Portion),99156
99157,Misc. Acetates And Esters (TOG Portion),99157
99158,Misc. Residual Monomers And Oils (TOG Portion),99158
99159,Misc. Hydrocarbon Resins (TOG Portion),99159
99160,"Misc. Copolymers, Surfactants, Resins (TOG Portion)",99160
99162,Misc. Voc (TOG Portion),99162
99165,Voc Ingredients < 0.1%,99165
99166,Volatile Methyl Siloxanes (VMS),99166
99167,Total Aggregate Organic Ingredients < 0.1%,99167
99168,Aggregated Vocs < 1.0%,99168
99169,Aggregated Exempt Compounds < 1.0%,99169
99170,Aggregate Ingredients < 0.1%,99170
99171,Dimethoate,99171
99172,Dimethyl Sulfoxide,99172
99173,Isocyanate,99173
99174,"1,1-Difluoroethane {Freon 152a}",99174
99175,Dimethoxypropane,99175
99176,Isophorone,99176
99177,Monoisopropanolamine {1-Amino-2-Propanol},99177
99178,Acrylamide,99178
99179,Peracetic Acid,99179
99180,Methyl Methacrylate,99180
99181,Panthenol,99181
99182,"1,2-Dichlorobenzene",99182
99183,Methyl Ethyl Ketoxime,99183
99184,Gamma- Butyrolactone,99184
99185,Parachlorobenzotrifluoride {PCBTF},99185
99186,Diethyl Aminoethanol,99186
99187,Benzyl Alcohol,99187
99188,Glyceryl Triacetate,99188
99189,2-Ethyl Hexyl Acetate,99189
99190,Dimethyl Succinate,99190
99191,"1,2-Epoxybutane",99191
99192,"3,5-Dimethyl-1-Hexyne-3-Ol",99192
99193,Propylene Carbonate,99193
99194,Diisobutyl Ketone,99194
99195,Cyclohexamine,99195
99196,Dimethoxymethane,99196
99197,Diethylamine,99197
99198,Morpholine,99198
99200,Terpenes: Extra Carbons,99200
99201,Terpenes: Terminal Double Bond,99201
99202,Terpenes: Internal Double Bond,99202
99203,Diisopropylene Glycol,99203
99204,Diethylenetriamine,99204
99205,Propoxur,99205
99206,Pentaerythritol,99206
99207,Triethylamine,99207
99208,Triisopropanolamine,99208
99209,Phenoxyethanol,99209
99210,Diethylene Glycol Butyl Ether Acetate {2-2-(Butoxyethoxy)Ethyl Acetate},99210
99211,2-Amino-2-Methyl-1-Propanol,99211
99212,Isobornyl Acetate (2-Camphanyl Acetate),99212
99213,Diacetone,99213
99214,Dl-Limonene {Dipentene},99214
99215,Butyl Acrylate,99215
99216,"4,4-Dimethyl-2-Neopentyl-1-Pentene",99216
99217,"Aluminum Stearate, Di",99217
99218,T-Butyl Acetate,99218
99219,Amyl Acetate,99219
99220,"1,3-Dioxolane",99220
99221,Eptc {S-Ethyl Dipropylthiocarbamate},99221
99222,Ethyl-3-Ethoxypropionate,99222
99223,"Pentanedioic Acid, Dimethyl Ester",99223
99224,Methyltrimethoxysilane,99224
99225,Xylenol,99225
99226,Cresols (Mixtures of) {Cresylic Acid},99226
99227,Manganese (Ii) Naphthenate,99227
99228,2-(2-Ethylhexyloxy)Ethanol,99228
99229,Propylene Glycol N-Propyl Ether,99229
99230,"1,1-Dichloro-1-Fluoroethane {HCFC-141b}",99230
99231,Vinyltrimethoxysilane,99231
99232,Ethylene Glycol Monopropyl Ether,99232
99233,Propylene Glycol Butyl Ether {1-Butoxy-2-Propanol},99233
99234,"Manganese (Ii) Acetate, Tetrahydrate",99234
99235,Ethyl Cyanoacrylate,99235
99236,Raw Linseed Oil,99236
99237,Pine Oil,99237
99238,Turpentine,99238
99239,Lemon Oil,99239
99240,Orange Oil,99240
99242,Santosol Dimethyl Ester,99242
99243,"2,2,4,6,6-Pentamethylheptane",99243
99244,Methyltri(Ethylmethylketoxime) Silane,99244
99245,"2-Propenoic Acid, Butyl Ester, Polymer With",99245
99246,Epichlorohydrin-Bisphenol A Resin,99246
99247,"2,2,4-Trimethyl-1,3-Pentanediol Isobutyrate {Texanol}",99247
99248,Dichlorobenzenes (Mixed Isomers),99248
99249,Polypropylene Glycol,99249
99250,Methyl Hexane,99250
99251,Glycerol Propoxylate,99251
99252,Glycol Ether Dpnb {1-(2-Butoxy-1-Methylethoxy)-2-Propanol},99252
99253,Methylvinylbis(N-Methylacetamido) Silane,99253
99254,Propylene Glycol Monoethyl Ether {1-Ethoxy-2-Propanol},99254
99255,Iodopropynyl Butylcarbamate,99255
99256,3-Methyl-3-Methoxy-1-Butanol,99256
99257,"Propylene Glycol T-Butyl Ether {1-(1,1,-Dimethylethoxy)-2-Propanol}",99257
99258,Chlorafin,99258
99259,Chlorinated Paraffin,99259
99260,Citrus Terpene,99260
99261,Orange Terpenes,99261
99262,"2-Propenoic Acid, 2-Methyl Dodecyl Ester",99262
99263,"Amines, Polyethylene Poly Compounds W/Succinic",99263
99264,C3-C4 Alkane Propellant,99264
99265,Hydrocarbon Propellant {LPG},99265
99266,"Hydrocarbon Propellant {LPG, Sweetened}",99266
99267,"Butane, Branched & Linear",99267
99268,Urethane Prepolymer,99268
99269,"1-Decene, Dimer, Hydrogenated",99269
99270,Benzene Derivates,99270
99271,Witch Hazel,99271
99272,Terpene,99272
99273,Methoxypropanol Acetate {Straight; Possibly Used For PGMEA},99273
99274,Oxo-Hexyl Acetate,99274
99275,C9-C12 Isoalkanes,99275
99276,Dipropylene Glycol Dimethyl Ether (Mixed Isomers),99276
99277,"1,1,2,2-Tetrachloroethane",99277
99278,Dimethyl Sulfide,99278
99279,Ethyl Mercaptan,99279
99280,Methyl Mercaptan,99280
99281,2-Methoxy-1-Propanol,99281
99282,Nonylphenoxypoly(Ethyleneoxy)Ethanol {Tergitol NP-33} {Triton(R) N-101},99282
99283,Citrus Lemon Peel Oil,99283
99284,Other Glycol Ethers,99284
99285,Stoddard Solvent - Mineral Spirits,99285
99286,Perfluorocarbons C5/C6,99286
99287,Hexachlorobenzene,99287
99288,"2,4,5-Trichlorophenol",99288
99289,"1,3-Dichlorobenzene",99289
99290,Di(2-Ethylhexyl) Phthalate,99290
99291,Misc. Oxygenated Compounds,99291
99292,Misc. Ketones,99292
99293,Misc. Phthalates,99293
99294,Misc. Ethyleneamines,99294
99295,Methyl Formate,99295
99296,Hexamethylenediamine,99296
99297,Hexafluoroethane {F-116},99297
99298,Acetic Anhydride,99298
99299,Carbon Tetrafluoride,99299
99300,Misc. Denaturants,99300
99301,Dodecene,99301
99302,"3-Heptene (Mixed Cis,Trans)",99302
99303,Adipic Acid,99303
99304,Diisopropyl Benzene (Mixed Isomers),99304
99305,Isobutyl Acrylate {2-Propenoic Acid},99305
99306,Methyl Styrene (Mixed) {Vinyl Toluene},99306
99307,Aniline,99307
99308,"Piperylene {1,3-Pentadiene} (Mixed)",99308
99309,"Toluene-2,4-Diisocyanate",99309
99310,"1,4-Butanediol",99310
99311,"2,2-Dichloronitroaniline",99311
99312,2-Furfural,99312
99313,4-Methylaniline,99313
99314,1-Aminoanthraquinone,99314
99315,"9,10-Anthraquinone",99315
99316,B-Phellandrene {1(7)-2-P-Menthadiene},99316
99317,Biphenyl,99317
99318,2-Phenylphenol,99318
99319,"Bromodinitroaniline {2,4-Dinitro-6-Bromoaniline}",99319
99320,Bromodinitrobenzene,99320
99321,Butyl Benzoate,99321
99322,Butylisopropylphthalate,99322
99323,C10 Paraffins,99323
99324,Isomers Of C10h16,99324
99325,C2 Cyclohexane,99325
99326,C3 Cyclohexane,99326
99327,C3/C4/C5 Alkylbenzenes,99327
99328,C4 Substituted Cyclohexane,99328
99329,C4 Alkylphenols,99329
99330,C5 Cyclohexane,99330
99331,C5 Substituted Cyclohexane,99331
99332,Camphene,99332
99333,C5 Alkylbenzenes,99333
99334,C5 Alkylphenols,99334
99335,C6 Substituted Cyclohexane,99335
99336,C8 Phenols,99336
99337,C9 Phenols,99337
99338,Di-C8 Alkyl Phthalate,99338
99339,Isomers Of C10h18,99339
99340,Isomers Of C11h20,99340
99341,Isomers Of C9h16,99341
99342,Lactol Spirits {VM And P Naphtha},99342
99343,Caryophyllene,99343
99344,Isomers Of Heptadecane,99344
99345,Isomers Of Octadecane,99345
99346,Isomers Of Propylbenzene,99346
99347,Methyl C12 Ester,99347
99348,Methyl C14 Ester,99348
99349,Methyl C15 Ester,99349
99350,Methyl C19 Ester,99350
99351,Methyldecanes,99351
99352,Methyldodecanes,99352
99353,Methylhexenes,99353
99354,Creosote,99354
99355,"Decalins (Mixed Cis,Trans)",99355
99357,Methylnonane,99357
99358,Methylnonenes,99358
99359,Methyloctanes,99359
99360,Methylpropylnonane,99360
99361,C16-C34 Paraffins,99361
99362,C12-C16 Paraffins/Olefins,99362
99363,Pentylidenecyclohexane,99363
99364,Propylheptenes,99364
99365,Dimethyl Napthalenes,99365
99366,Tetrachlorobenzenes,99366
99367,Total Aromatic Amines,99367
99368,Total C2-C5 Aldehydes,99368
99369,Trimethyldecenes,99369
99370,Trimethylheptanes,99370
99371,Dimethyl Alkyl Amines,99371
99372,Dimethylcyclohexanes,99372
99373,Dimethylhexanes,99373
99375,Dimethyloctanes,99375
99377,Ethyl-Phenyl-Phenyl-Ethane,99377
99378,Methyl Biphenyl (Mixed)  {Phenyltoluene},99378
99379,Ethyloctenes,99379
99380,Dimethyl Phthalate,99380
99381,Dimethylheptanol,99381
99382,"3,7-Dimethyl-1-Octanol",99382
99383,Diphenyl Ethane {Bibenzyl},99383
99384,Dipropyl Phthalate,99384
99385,Divinyl Benzene {Vinyl Styrene},99385
99386,Ethyl Styrene {Ethylvinyl Benzene},99386
99387,Ethyltoluenes {Methylethylbenzenes},99387
99388,Methyl Dodecanoate {Methyl Laurate},99388
99389,Methyl Myristate {Methyl Tetradecanoate},99389
99390,Methyl Palmitate {Methyl Hexadecanoate},99390
99391,Methyl Stearate {Methyl Octadecanoate},99391
99392,Methylene Diphenyl Diisocyanate {MDI},99392
99393,Methylheptanol,99393
99394,N-Phenylaniline {Diphenylamine},99394
99395,Naphtha,99395
99396,Octamethylcyclotetrasiloxane,99396
99397,P-Tolualdehyde {4-Methylbenzaldehyde},99397
99398,Palmitic Acid {N-Hexadecanoic Acid},99398
99399,Phenyl Isocyanate,99399
99400,Trichlorobenzenes (Mixed),99400
99401,Difluoromethane {HFC-32},99401
99402,"1-Chloro-1,1-Difluoroethane {HCFC-142b}",99402
99403,"1,1,1-Trifluoro-2,2-Dichloroethane {HCFC-123}",99403
99404,Ethylfluoride {HFC-161},99404
99405,"1,2-Dichloro-1,1,2-Trifluoroethane {HCFC-123a}",99405
99406,Pentafluoroethane {HFC-125},99406
99407,"1,1,2,2-Tetrafluoroethane {HFC-134}",99407
99408,"1,1,1,3,3-Pentafluorobutane {HFC-365MFC}",99408
99409,"1,1,1-Trifluoroethane {HFC-143a}",99409
99410,"3,3-Dichloro-1,1,1,2,2-Pentafluoropropane {HCFC-225ca}",99410
99411,"1,1,1,2,3-Pentafluoropropane {HFC-245eb}",99411
99412,"1,1,1,2,3,3-Hexafluoropropane {HFC-236ea}",99412
99413,"1,1,1,3,3-Pentafluoropropane {HFC-245fa}",99413
99414,"1,3-Dichloro-1,1,2,2,3-Pentafluoropropane {HCFC-225cb}",99414
99415,Chlorofluoromethane {HCFC-31},99415
99416,"1,1,2,2,3-Pentafluoropropane {HFC-245ca}",99416
99417,"1,1,1,3,3,3-Hexafluoropropane {HFC-236fa}",99417
99418,"1,1,1,2-Tetrafluoroethane {HFC-134a}",99418
99419,1-Chloro-1-Fluoroethane {HCFC-151a},99419
99420,"2-Chloro-1,1,1,2-Tetrafluoroethane {HCFC-124}",99420
99421,"1,1,2,3,3-Pentafluoropropane {HFC-245ea}",99421
99423,"1,1,1,2,3,4,4,5,5,5-Decafluoropentane {HFC-43-10mee}",99423
99424,"1-Ethoxy-1,1,2,2,3,3,4,4,4-Nonafluorobutane",99424
99425,"2-(Ethoxy2flmethyl)-1,1,1,2,3,3,3-Fl7propane",99425
99426,"1,1,1,2,2,3,3,4,4-Nonafluoro-4-Methoxy-Butan",99426
99427,"2-(Fl2methoxymethyl)-1,1,1,2,3,3,3-Fl7propan",99427
99430,Misc. Oils - Linseed/Tung/Soy/Etc. (TOG Portion),99430
99431,Misc. Proprietary Voc,99431
99432,Misc. Asphalt Mixtures (TOG Portion),99432
99433,Misc. Vinyl/Acrylic And Other Copolymers (TOG Portion),99433
99435,Cumene Hydroperoxide,99435
99437,Benzoyl Peroxide,99437
99439,Diglycidyl Resorcinol Ether {DGRE},99439
99440,"N,N-Dimethylethanolamine",99440
99441,Triethylenetetramine,99441
99443,"2,4-Pentanedione",99443
99444,Folpet,99444
99445,2-Methyl-1-Butyl Acetate,99445
99447,Chlorothalonil,99447
99448,Isophorone Diamine,99448
99449,Methylenediphenylisocyanate Polymeric,99449
99450,Toluene Diisocyanates (Mixed Isomers),99450
99451,2-Methoxy-1-Propanol Acetate,99451
99453,Ethylene Glycol Monomethyl Ether Acetate,99453
99454,Decabromodiphenyl Oxide,99454
99457,Butyl Propionate,99457
99458,Methyltriacetoxysilane,99458
99459,(3-Mercaptopropyl)Trimethoxysilane,99459
99461,"4,6-Dimethyl-2-Heptanone",99461
99466,Heavy Paraffinic Distillate Solvent Extract,99466
99468,Hydrotreated Heavy Naphtha,99468
99472,Fatty Acids,99472
99474,Fuel Oil No. 2,99474
99475,"Fuels, Diesel, No. 2",99475
99476,Trimethoxymethane,99476
99481,Methoxysilane,99481
99485,2-Butoxy-1-Propanol,99485
99492,Solvent-Refined Heavy Paraffinic Distillate,99492
99902,Furan,99902
99912,1-Methyl-3-Ethylbenzene,99912
99914,1-Methyl-4-Ethylbenzene,99914
99915,1-Methyl-2-Ethylbenzene,99915
99991,Unidentified Nonfumigant Ais,99991
99997,Ethane&Acetylene,99997
99998,Ethyl T-Butyl Ether,99998
99999,Unidentified,99999
